U_mL,Log_Conc_U_mL,Mean_OD
NA,NA,0.051
NA,NA,0.051
NA,NA,0.0525
NA,NA,0.052
NA,NA,0.051
NA,NA,0.054
NA,NA,0.055
NA,NA,0.0575
NA,NA,0.052
NA,NA,0.0505
NA,NA,0.057
NA,NA,0.052
NA,NA,0.0495
NA,NA,0.054
1.168131417037521,0.0674917044918368,0.08
NA,NA,0.0545
